Type,Artifact
hash_md5,fafe11f23567080fb14cfd3b51cb440b9c097804569402d720fd32dd66059830
hash_md5,21122891977d9296eea86a8a292b2ba7677766a2085566a6e93ecf60f0ac6ee5
hash_md5,ac7d57c011c1bf1b3158a64d4c91e1d5c54e8d05cdeb9d1fadcbb0c4d5103428
hash_md5,b11805162d3ae3d3c6635c240d004d1fe942a9cde25fb701c92a8e135d37d100
hash_md5,9c9426776b62a4461b7a9237a971fb3c5fc3222acd303506a763aa1d314a1573
hash_md5,27b6e71b4adeada41fb1e411a910872bfad999183d9d43ba6e63602e104d357b
hash_md5,dd94c2fc46a6670b4600cf439b35dc81a401b09d2c2372139afe7b754d1d24d4
hash_md5,1a5fcb209b5af4c620453a70653263109716f277150f0d389810df85ec0beac1
hash_md5,e8f0d33109448f877a0e532b1a27131a
hash_md5,bfcfa72ba5095fba108314c1c4deb5faed82ef4d
hash_md5,90e00d255fc9162080c02510e7e10ffa6b6ed995
hash_md5,6f5ea8383bc3bd07668a7d24fe9b0828
hash_md5,c0a13af59e578b77e82fe0bc87301f93fc2ccf0adce450087121cb32f218092c
domain,u6w.pw
domain,1b.cx 
domain,6w.sk
